"","npar","Sum Sq","Mean Sq","F value"
"Nodule.area",1,5476751633654829,5476751633654829,8.55004658346111
"Strain",7,9110378335305676,1301482619329382,2.03181333885051
"Nodule.area:Strain",7,7993137231337904,1141876747333986,1.78264417219179
