"","Df","Sum Sq","Mean Sq","F value","Pr(>F)"
"Nod_count",1,6.44186746617802,6.44186746617802,223.30637588735,4.98057686814366e-46
"Variety",2,0.0301754798732768,0.0150877399366384,0.52301425685501,0.592881536606849
"Rep",3,0.181215444367643,0.0604051481225476,2.09393545939989,0.0993412955971831
"Nod_count:Variety",2,0.247034915641247,0.123517457820624,4.28171427145283,0.0140547166087567
"Residuals",1078,31.0977825910491,0.0288476647412329,NA,NA
