"","Df","Sum Sq","Mean Sq","F value","Pr(>F)"
"mean_prop_lobe",1,2.37518268862679,2.37518268862679,120.656032542449,8.00499452903984e-23
"Variety",2,2.46162000905475,1.23081000452737,62.5234651089868,2.15624115215083e-22
"Strain",116,6.11539448815757,0.0527189180013583,2.67804894184881,1.15945522548458e-10
"mean_prop_lobe:Variety",2,0.0630380936212388,0.0315190468106194,1.60112447598199,0.203918882768903
"Residuals",229,4.50799536694674,0.019685569287977,NA,NA
