"","Df","Sum Sq","Mean Sq","F value","Pr(>F)"
"mean_prop_lobe",1,16276.5174113465,16276.5174113465,130.265903584566,3.50450208304309e-24
"Variety",2,8147.43612699629,4073.71806349814,32.6032007387785,3.47132446107965e-13
"Strain",116,31205.0780864271,269.009293848509,2.15296293735375,4.39971068459945e-07
"mean_prop_lobe:Variety",2,182.554061521822,91.2770307609111,0.730517750701233,0.48277854031781
"Residuals",229,28613.1856812297,124.948409088339,NA,NA
