"","Df","Sum Sq","Mean Sq","F value","Pr(>F)"
"mean_prop_lobe",1,12041.2977312377,12041.2977312377,80.9238836565163,7.89267202693053e-17
"Variety",2,7991.59485305818,3995.79742652909,26.8538701788424,3.10688155665569e-11
"Strain",121,44105.3347169553,364.506898487234,2.44967897178193,2.27492822911464e-09
"mean_prop_lobe:Variety",2,199.591722476405,99.7958612382026,0.670680921981657,0.512332153714212
"Residuals",236,35116.2862701199,148.797823178474,NA,NA
