"","Df","Sum Sq","Mean Sq","F value","Pr(>F)"
"Variety",2,0.243173338396335,0.121586669198168,4.11659536769145,0.0166605016855839
"Strain",121,10.8450847815089,0.0896287998471812,3.03458845197324,3.18824236013075e-20
"Rep",7,0.243282890498323,0.0347546986426176,1.17669998184199,0.313621642104724
"Variety:Strain",239,7.57018121696279,0.0316743983973339,1.07240935685442,0.245246963356635
"Residuals",769,22.7129800871892,0.029535734833796,NA,NA
