"","Df","Sum Sq","Mean Sq","F value","Pr(>F)"
"Variety",2,0.243173338396336,0.121586669198168,4.11659536769144,0.016660501685584
"Strain",121,10.8450847815089,0.0896287998471812,3.03458845197323,3.18824236013121e-20
"Rep",7,0.243282890498323,0.0347546986426176,1.17669998184199,0.313621642104725
"Variety:Strain",239,7.5701812169628,0.0316743983973339,1.07240935685442,0.245246963356637
"Residuals",769,22.7129800871892,0.0295357348337961,NA,NA
