"","Df","Sum Sq","Mean Sq","F value","Pr(>F)"
"as.factor(Nodule.lobes)",3,59.9596982901216,19.9865660967072,19.0677679724306,4.65132434169162e-11
"Host",2,13.4042703255218,6.70213516276088,6.39403275105108,0.00198988455143538
"as.factor(Strain)",7,8.38194190263557,1.19742027180508,1.14237392245313,0.337487706251707
"rep",3,4.37880351333013,1.45960117111004,1.39250216011842,0.245869552502732
"as.factor(Nodule.lobes):Host",6,5.38631805169045,0.897719675281742,0.856450797487325,0.52776941564135
"Residuals",226,236.890020079264,1.04818592955426,NA,NA
