"","Df","Sum Sq","Mean Sq","F value","Pr(>F)"
"mean_nod_num",1,1.19958951114624,1.19958951114624,47.5911902102072,5.07872890218039e-11
"Variety",2,1.32308081449486,0.661540407247432,26.2452239374511,5.46478932256875e-11
"Strain",116,9.94140618747949,0.0857017774782715,3.40003772575839,1.51304799709325e-15
"mean_nod_num:Variety",2,0.00046036832672218,0.00023018416336109,0.00913207242986603,0.990909859144604
"Residuals",229,5.77220272994077,0.0252061254582566,NA,NA
