"","Df","Sum Sq","Mean Sq","F value","Pr(>F)"
"Nodule.lobes",3,17.1452282393296,5.71507607977654,157.714386819833,4.14363323205485e-48
"Host",2,0.0362999559884106,0.0181499779942053,0.500870436402219,0.606926893191119
"Strain",7,0.988768782921549,0.141252683274507,3.89803740463347,0.000589139475145234
"rep",3,0.385758253936807,0.128586084645602,3.54848740600445,0.0158470353574388
"Nodule.lobes:Host",6,0.237636746735027,0.0396061244558378,1.09297856155691,0.368748653049827
"Nodule.lobes:Strain",20,0.731165364612877,0.0365582682306438,1.00886930929823,0.454648412680686
"Host:Strain",14,0.618623930181604,0.0441874235844003,1.21940501202119,0.265626990182736
"Nodule.lobes:Host:Strain",28,0.860408465327764,0.0307288737617059,0.848000169261263,0.687432290053973
"Residuals",164,5.9428470413042,0.0362368722030744,NA,NA
